-- MySQL dump 10.13  Distrib 5.7.18, for Linux (x86_64)
--
-- Host: localhost    Database: moondb
-- ------------------------------------------------------
-- Server version	5.7.18-0ubuntu0.16.04.1

/*!40101 SET @OLD_CHARACTER_SET_CLIENT=@@CHARACTER_SET_CLIENT */;
/*!40101 SET @OLD_CHARACTER_SET_RESULTS=@@CHARACTER_SET_RESULTS */;
/*!40101 SET @OLD_COLLATION_CONNECTION=@@COLLATION_CONNECTION */;
/*!40101 SET NAMES utf8 */;
/*!40103 SET @OLD_TIME_ZONE=@@TIME_ZONE */;
/*!40103 SET TIME_ZONE='+00:00' */;
/*!40014 SET @OLD_UNIQUE_CHECKS=@@UNIQUE_CHECKS, UNIQUE_CHECKS=0 */;
/*!40014 SET @OLD_FOREIGN_KEY_CHECKS=@@FOREIGN_KEY_CHECKS, FOREIGN_KEY_CHECKS=0 */;
/*!40101 SET @OLD_SQL_MODE=@@SQL_MODE, SQL_MODE='NO_AUTO_VALUE_ON_ZERO' */;
/*!40111 SET @OLD_SQL_NOTES=@@SQL_NOTES, SQL_NOTES=0 */;

--
-- Table structure for table `beat`
--

DROP TABLE IF EXISTS `beat`;
/*!40101 SET @saved_cs_client     = @@character_set_client */;
/*!40101 SET character_set_client = utf8 */;
CREATE TABLE `beat` (
  `beatId` varchar(225) NOT NULL,
  `updateBeatDay` datetime DEFAULT NULL,
  `user_iduser` int(10) unsigned NOT NULL,
  `music_musicId` varchar(10) NOT NULL,
  `score` int(10) NOT NULL,
  PRIMARY KEY (`user_iduser`,`music_musicId`,`beatId`),
  KEY `fk_score_music1_idx` (`music_musicId`),
  CONSTRAINT `fk_score_music1` FOREIGN KEY (`music_musicId`) REFERENCES `music` (`musicId`) ON DELETE NO ACTION ON UPDATE NO ACTION,
  CONSTRAINT `fk_score_user1` FOREIGN KEY (`user_iduser`) REFERENCES `user` (`iduser`) ON DELETE NO ACTION ON UPDATE NO ACTION
) ENGINE=InnoDB DEFAULT CHARSET=utf8;
/*!40101 SET character_set_client = @saved_cs_client */;

--
-- Dumping data for table `beat`
--

LOCK TABLES `beat` WRITE;
/*!40000 ALTER TABLE `beat` DISABLE KEYS */;
INSERT INTO `beat` VALUES ('1LV1','2017-05-03 00:00:00',1,'LV1',1201),('1LV2','2017-05-03 00:00:00',1,'LV2',1991),('1LV3','2017-05-03 00:00:00',1,'LV3',1081),('1LV4','2017-05-03 00:00:00',1,'LV4',1091),('1LV5','2017-05-03 00:00:00',1,'LV5',1761),('2LV2','2017-05-17 00:00:00',2,'LV2',1045),('2LV4','2017-05-17 00:00:00',2,'LV4',1045),('3LV1','2017-05-03 00:00:00',3,'LV1',1291),('3LV2','2017-05-03 00:00:00',3,'LV2',1991),('3LV3','2017-05-03 00:00:00',3,'LV3',1881),('3LV4','2017-05-03 00:00:00',3,'LV4',1991),('3LV5','2017-05-03 00:00:00',3,'LV5',1761),('4LV1','2017-05-17 00:00:00',4,'LV1',2105),('4LV6','2017-05-17 00:00:00',4,'LV6',2005),('5LV6','2017-05-17 00:00:00',5,'LV6',2045),('11LV1','2017-05-18 11:59:10',11,'LV1',337),('11LV10','2017-05-18 05:40:02',11,'LV10',231),('11LV17','2017-05-18 09:50:51',11,'LV17',86),('11LV2','2017-05-18 02:26:47',11,'LV2',10),('11LV3','2017-05-18 06:40:58',11,'LV3',781),('11LV4','2017-05-18 02:10:18',11,'LV4',10),('11LV5','2017-05-18 02:09:21',11,'LV5',10),('11LV7','2017-05-18 06:31:11',11,'LV7',459),('13LV1','2017-05-18 09:19:42',13,'LV1',376),('15LV13','2017-05-18 07:52:43',15,'LV13',552),('15LV2','2017-05-18 07:45:38',15,'LV2',151),('15LV4','2017-05-18 09:31:46',15,'LV4',645),('15LV5','2017-05-18 07:37:05',15,'LV5',663);
/*!40000 ALTER TABLE `beat` ENABLE KEYS */;
UNLOCK TABLES;

--
-- Table structure for table `buy`
--

DROP TABLE IF EXISTS `buy`;
/*!40101 SET @saved_cs_client     = @@character_set_client */;
/*!40101 SET character_set_client = utf8 */;
CREATE TABLE `buy` (
  `id` int(10) unsigned NOT NULL AUTO_INCREMENT,
  `day` datetime DEFAULT NULL,
  `user_iduser` int(10) unsigned NOT NULL,
  `music_musicId` varchar(10) NOT NULL,
  PRIMARY KEY (`id`)
) ENGINE=InnoDB AUTO_INCREMENT=29 DEFAULT CHARSET=utf8;
/*!40101 SET character_set_client = @saved_cs_client */;

--
-- Dumping data for table `buy`
--

LOCK TABLES `buy` WRITE;
/*!40000 ALTER TABLE `buy` DISABLE KEYS */;
INSERT INTO `buy` VALUES (8,'2017-05-17 15:22:17',12,'LV6'),(9,'2017-05-17 15:22:17',12,'LV7'),(10,'2017-05-17 15:22:17',12,'LV8'),(11,'2017-05-17 15:22:17',12,'LV9'),(12,'2017-05-17 15:22:41',13,'LV6'),(13,'2017-05-17 15:22:41',13,'LV7'),(14,'2017-05-17 15:22:41',13,'LV8'),(15,'2017-05-17 15:22:41',13,'LV9'),(20,'2017-05-17 23:43:09',11,'LV17'),(21,'2017-05-18 02:26:53',11,'LV7'),(22,'2017-05-18 02:27:09',11,'LV6'),(23,'2017-05-18 02:27:50',11,'LV14'),(24,'2017-05-18 04:06:59',11,'LV10'),(25,'2017-05-18 05:56:32',13,'LV10'),(26,'2017-05-18 07:27:40',15,'LV13'),(27,'2017-05-18 09:47:21',11,'LV12'),(28,'2017-05-18 09:47:30',11,'LV13');
/*!40000 ALTER TABLE `buy` ENABLE KEYS */;
UNLOCK TABLES;

--
-- Table structure for table `challenge`
--

DROP TABLE IF EXISTS `challenge`;
/*!40101 SET @saved_cs_client     = @@character_set_client */;
/*!40101 SET character_set_client = utf8 */;
CREATE TABLE `challenge` (
  `challengeId` varchar(225) NOT NULL,
  `user_iduser1` int(10) NOT NULL,
  `user_iduser2` int(10) NOT NULL,
  `score1` int(11) DEFAULT NULL,
  `score2` int(11) DEFAULT NULL,
  `music_musicId` varchar(10) NOT NULL,
  `challengeLevel` int(11) DEFAULT NULL
) ENGINE=InnoDB DEFAULT CHARSET=utf8;
/*!40101 SET character_set_client = @saved_cs_client */;

--
-- Dumping data for table `challenge`
--

LOCK TABLES `challenge` WRITE;
/*!40000 ALTER TABLE `challenge` DISABLE KEYS */;
INSERT INTO `challenge` VALUES ('LV1_14_11',14,11,1023,10,'LV2',NULL),('LV1_14_11',14,11,103,10,'LV3',NULL),('1476484527149507403211',11,8,10,10,'LV3',NULL),('1476484527149507403211',11,8,10,10,'LV3',NULL),('126655966149507411211',11,2,10,10,'LV3',NULL),('2069431324149507411911',11,14,10,10,'LV3',NULL),('632428146149507413611',11,5,10,10,'LV3',NULL),('595889752149507419811',11,6,10,NULL,'LV3',NULL),('758860293149507432611',11,6,10,NULL,'LV3',NULL),('23561607149507434811',11,10,10,NULL,'LV1',NULL),('23561607149507434811',10,11,1220,10,'LV1',NULL),('2356160714950743411',10,11,120,NULL,'LV2',NULL),('1939517589149507440711',11,5,10,NULL,'LV2',NULL),('1583393880149507442311',11,7,10,NULL,'LV1',NULL),('712373713149507446511',11,12,10,NULL,'LV1',NULL),('235616071495411',10,11,120,NULL,'LV4',NULL),('235611495411',10,11,1290,NULL,'LV2',NULL),('23dd5611495411',10,11,1290,NULL,'LV4',NULL),('307163187149507463311',11,3,10,NULL,'LV1',NULL),('523290762149507463611',11,12,10,NULL,'LV1',NULL),('24768735149507463711',11,2,10,NULL,'LV1',NULL),('1382053172149507463811',11,2,10,NULL,'LV1',NULL),('809563276149507463811',11,5,10,NULL,'LV1',NULL),('718323578149507464011',11,14,10,NULL,'LV1',NULL),('141489583149507464011',11,10,10,NULL,'LV1',NULL),('555195268149507464111',11,3,10,NULL,'LV1',NULL),('433844210149507464111',11,5,10,NULL,'LV1',NULL),('671233031149507464111',11,4,10,NULL,'LV1',NULL),('768583709149507464211',11,2,10,NULL,'LV1',NULL),('1278604200149507464411',11,1,10,NULL,'LV1',NULL),('1443075632149508577411',11,12,123,NULL,'LV10',NULL),('8718212149508577411',11,2,123,NULL,'LV10',NULL),('306661011149508577511',11,8,123,NULL,'LV10',NULL),('1219412348149508577511',11,9,123,NULL,'LV10',NULL),('280362565149508577511',11,8,123,NULL,'LV10',NULL),('1924872797149508577511',11,2,123,NULL,'LV10',NULL),('808892725149508577511',11,5,123,NULL,'LV10',NULL),('941630873149508577511',11,14,123,NULL,'LV10',NULL),('1382540384149508577511',11,5,123,NULL,'LV10',NULL),('217576559149508577511',11,5,123,NULL,'LV10',NULL),('1829111260149508577511',11,4,123,NULL,'LV10',NULL),('1959493561149508577511',11,9,123,NULL,'LV10',NULL),('1800197069149508577511',11,5,123,NULL,'LV10',NULL),('1354337192149508577611',11,10,123,NULL,'LV10',NULL),('190966294149508577611',11,10,123,NULL,'LV10',NULL),('1512813681149508577611',11,14,123,NULL,'LV10',NULL),('283757872149508577611',11,8,123,NULL,'LV10',NULL),('2020917577149508577611',11,10,123,NULL,'LV10',NULL),('245712341149508577611',11,5,123,NULL,'LV10',NULL),('160663312149508577611',11,2,123,NULL,'LV10',NULL),('1963383824149508577611',11,6,123,NULL,'LV10',NULL),('2002760536149508577611',11,7,123,NULL,'LV10',NULL),('603758302149508577611',11,12,123,NULL,'LV10',NULL),('148637127149508577611',11,12,123,NULL,'LV10',NULL),('487744193149508577611',11,4,123,NULL,'LV10',NULL),('490372858149508577611',11,12,123,NULL,'LV10',NULL),('1546637916149508577611',11,3,123,NULL,'LV10',NULL),('538438290149508577711',11,5,123,NULL,'LV10',NULL),('722323316149508577711',11,13,123,NULL,'LV10',NULL),('646125772149508577711',11,12,123,NULL,'LV10',NULL),('2115550453149508577711',11,14,123,NULL,'LV10',NULL),('99265888149508577711',11,14,123,NULL,'LV10',NULL),('833556004149508577711',11,3,123,NULL,'LV10',NULL),('332333313149508577711',11,2,123,NULL,'LV10',NULL),('1295675673149508577711',11,14,123,NULL,'LV10',NULL),('1639010305149508577711',11,8,123,NULL,'LV10',NULL),('15690665149508577711',11,12,123,NULL,'LV10',NULL),('2121863498149508577711',11,2,123,NULL,'LV10',NULL),('896373986149508577711',11,14,123,NULL,'LV10',NULL),('1972604868149508577711',11,1,123,NULL,'LV10',NULL),('899142148149508577711',11,3,123,NULL,'LV10',NULL),('369548882149508577711',11,10,123,NULL,'LV10',NULL),('2045336233149508577711',11,13,123,NULL,'LV10',NULL),('575365883149508577711',11,3,123,NULL,'LV10',NULL),('803474698149508577711',11,5,123,NULL,'LV10',NULL),('1721375140149508577711',11,10,123,NULL,'LV10',NULL),('1471586378149508577711',11,6,123,NULL,'LV10',NULL),('1801851460149508577711',11,13,123,NULL,'LV10',NULL),('1096708927149508577711',11,3,123,NULL,'LV10',NULL),('996431897149508577811',11,7,123,NULL,'LV10',NULL),('1193184931149508577811',11,9,123,NULL,'LV10',NULL),('1273548551149508577811',11,13,123,NULL,'LV10',NULL),('498066040149508577811',11,14,123,NULL,'LV10',NULL),('1236848128149508577811',11,8,123,NULL,'LV10',NULL),('1022945310149508577811',11,10,123,NULL,'LV10',NULL),('2130882505149508577811',11,7,123,NULL,'LV10',NULL),('1119651824149508577811',11,7,123,NULL,'LV10',NULL),('705803380149508577811',11,5,123,NULL,'LV10',NULL),('259634216149508577811',11,3,123,NULL,'LV10',NULL),('351145287149508577811',11,6,123,NULL,'LV10',NULL),('1629134204149508577811',11,9,123,NULL,'LV10',NULL),('1489200706149508577811',11,2,123,NULL,'LV10',NULL),('1738664551149508577811',11,5,123,NULL,'LV10',NULL),('1167606378149508577811',11,14,123,NULL,'LV10',NULL),('1301183723149508577811',11,10,123,NULL,'LV10',NULL),('553264382149508577811',11,5,123,NULL,'LV10',NULL),('432251117149508577811',11,12,123,NULL,'LV10',NULL),('848419072149508577811',11,7,123,NULL,'LV10',NULL),('1431146559149508577811',11,1,123,NULL,'LV10',NULL),('1532905470149508577811',11,6,123,NULL,'LV10',NULL),('252061232149508577911',11,9,123,NULL,'LV10',NULL),('1701386294149508577911',11,2,123,NULL,'LV10',NULL),('999305840149508577911',11,4,123,NULL,'LV10',NULL),('1501765611149508577911',11,6,123,NULL,'LV10',NULL),('458345836149508577911',11,1,123,NULL,'LV10',NULL),('1564456870149508577911',11,13,123,NULL,'LV10',NULL),('2017202676149508577911',11,10,123,NULL,'LV10',NULL),('478771739149508577911',11,6,123,NULL,'LV10',NULL),('1254101516149508577911',11,8,123,NULL,'LV10',NULL),('795051146149508577911',11,2,123,NULL,'LV10',NULL),('1731540744149508577911',11,3,123,NULL,'LV10',NULL),('1291203562149508577911',11,13,123,NULL,'LV10',NULL),('1095637833149508577911',11,13,123,NULL,'LV10',NULL),('450207176149508577911',11,2,123,NULL,'LV10',NULL),('1021249644149508577911',11,12,123,NULL,'LV10',NULL),('1118674397149508577911',11,12,123,NULL,'LV10',NULL),('2102304931149508577911',11,10,123,NULL,'LV10',NULL),('206647428149508577911',11,3,123,NULL,'LV10',NULL),('695309386149508577911',11,1,123,NULL,'LV10',NULL),('1783540353149508577911',11,3,123,NULL,'LV10',NULL),('304912555149508577911',11,2,123,NULL,'LV10',NULL),('1850154745149508577911',11,4,123,NULL,'LV10',NULL),('1762214375149508578011',11,10,123,NULL,'LV10',NULL),('837004192149508578011',11,12,123,NULL,'LV10',NULL),('90240531149508578011',11,5,123,NULL,'LV10',NULL),('1831384949149508578011',11,2,123,NULL,'LV10',NULL),('840134435149508578011',11,7,123,NULL,'LV10',NULL),('673832049149508578011',11,4,123,NULL,'LV10',NULL),('1668718761149508578011',11,6,123,NULL,'LV10',NULL),('514242992149508578011',11,10,123,NULL,'LV10',NULL),('660571494149508578011',11,14,123,NULL,'LV10',NULL),('61294964149508578011',11,13,123,NULL,'LV10',NULL),('1298480271149508578011',11,2,123,NULL,'LV10',NULL),('1426172188149508578011',11,7,123,NULL,'LV10',NULL),('1022795501149508578011',11,9,123,NULL,'LV10',NULL),('1423688869149508578011',11,9,123,NULL,'LV10',NULL),('518246800149508578011',11,1,123,NULL,'LV10',NULL),('61090801149508578011',11,10,123,NULL,'LV10',NULL),('2093531418149508578011',11,2,123,NULL,'LV10',NULL),('532790056149508578011',11,2,123,NULL,'LV10',NULL),('1529947614149508578011',11,14,123,NULL,'LV10',NULL),('1771601985149508578011',11,12,123,NULL,'LV10',NULL),('361200373149508578011',11,7,123,NULL,'LV10',NULL),('2008998094149508578011',11,12,123,NULL,'LV10',NULL),('872889288149508578011',11,1,123,NULL,'LV10',NULL),('348713294149508578011',11,13,123,NULL,'LV10',NULL),('1681903909149508578111',11,9,123,NULL,'LV10',NULL),('1349477950149508578111',11,6,123,NULL,'LV10',NULL),('1322861450149508578111',11,1,123,NULL,'LV10',NULL),('1317950694149508578111',11,4,123,NULL,'LV10',NULL),('1787501865149508578111',11,6,123,NULL,'LV10',NULL),('1152723316149508578111',11,3,123,NULL,'LV10',NULL),('62576386149508578111',11,4,123,NULL,'LV10',NULL),('1393143646149508578111',11,6,123,NULL,'LV10',NULL),('1126343365149508578111',11,13,123,NULL,'LV10',NULL),('359149250149508578111',11,10,123,NULL,'LV10',NULL),('591130321149508578111',11,14,123,NULL,'LV10',NULL),('1904371970149508578111',11,12,123,NULL,'LV10',NULL),('1396579325149508578111',11,9,123,NULL,'LV10',NULL),('411535251149508578111',11,9,123,NULL,'LV10',NULL),('46160712149508578111',11,2,123,NULL,'LV10',NULL),('1739448527149508578111',11,12,123,NULL,'LV10',NULL),('1140499986149508578111',11,2,123,NULL,'LV10',NULL),('1975393783149508578111',11,5,123,NULL,'LV10',NULL),('1553367364149508578111',11,14,123,NULL,'LV10',NULL),('1155654451149508578111',11,6,123,NULL,'LV10',NULL),('1780267786149508578111',11,12,123,NULL,'LV10',NULL),('822986416149508578111',11,12,123,NULL,'LV10',NULL),('1459435871149508578111',11,1,123,NULL,'LV10',NULL),('1988565853149508578111',11,6,123,NULL,'LV10',NULL),('470052795149508578111',11,3,123,NULL,'LV10',NULL),('358977415149508578111',11,4,123,NULL,'LV10',NULL),('2120907096149508578211',11,10,123,NULL,'LV10',NULL),('729367616149508578211',11,5,123,NULL,'LV10',NULL),('852355990149508578211',11,8,123,NULL,'LV10',NULL),('702006834149508578211',11,4,123,NULL,'LV10',NULL),('532629182149508578211',11,2,123,NULL,'LV10',NULL),('1542819657149508578211',11,3,123,NULL,'LV10',NULL),('1764619512149508578211',11,10,123,NULL,'LV10',NULL),('1410325510149508578211',11,9,123,NULL,'LV10',NULL),('2055919394149508578211',11,12,123,NULL,'LV10',NULL),('1053381610149508578211',11,2,123,NULL,'LV10',NULL),('23464436149508578211',11,7,123,NULL,'LV10',NULL),('396591196149508578211',11,8,123,NULL,'LV10',NULL),('761090900149508578211',11,1,123,NULL,'LV10',NULL),('430919653149508578211',11,7,123,NULL,'LV10',NULL),('292669146149508578211',11,10,123,NULL,'LV10',NULL),('10771734149508578211',11,7,123,NULL,'LV10',NULL),('936254837149508578211',11,13,123,NULL,'LV10',NULL),('848058189149508578211',11,7,123,NULL,'LV10',NULL),('1097879332149508578211',11,8,123,NULL,'LV10',NULL),('130950518149508578211',11,8,123,NULL,'LV10',NULL),('2027686181149508578211',11,1,123,NULL,'LV10',NULL),('1479003095149508578211',11,1,123,NULL,'LV10',NULL),('478433523149508578211',11,14,123,NULL,'LV10',NULL),('1897806032149508578211',11,10,123,NULL,'LV10',NULL),('875368638149508578311',11,10,123,NULL,'LV10',NULL),('1050842615149508578311',11,13,123,NULL,'LV10',NULL),('1134009464149508578311',11,4,123,NULL,'LV10',NULL),('1719260278149508578311',11,12,123,NULL,'LV10',NULL),('678941427149508578311',11,6,123,NULL,'LV10',NULL),('426252807149508578311',11,1,123,NULL,'LV10',NULL),('1102053596149508578311',11,9,123,NULL,'LV10',NULL),('100232506149508578311',11,5,123,NULL,'LV10',NULL),('1059670854149508578311',11,3,123,NULL,'LV10',NULL),('1607766006149508578311',11,9,123,NULL,'LV10',NULL),('1029619020149508578311',11,12,123,NULL,'LV10',NULL),('860933861149508578311',11,4,123,NULL,'LV10',NULL),('443387770149508578311',11,13,123,NULL,'LV10',NULL),('1008614168149508578311',11,10,123,NULL,'LV10',NULL),('1828662575149508578311',11,5,123,NULL,'LV10',NULL),('221849588149508578311',11,2,123,NULL,'LV10',NULL),('1969517622149508578311',11,12,123,NULL,'LV10',NULL),('633309183149508578311',11,12,123,NULL,'LV10',NULL),('1463526651149508578311',11,1,123,NULL,'LV10',NULL),('1156322095149508578311',11,12,123,NULL,'LV10',NULL),('2048296504149508578311',11,9,123,NULL,'LV10',NULL),('2041199296149508578311',11,1,123,NULL,'LV10',NULL),('1456076212149508578311',11,12,123,NULL,'LV10',NULL),('1790365350149508578311',11,1,123,NULL,'LV10',NULL),('1179778548149508578311',11,1,123,NULL,'LV10',NULL),('1427465977149508578311',11,14,123,NULL,'LV10',NULL),('87319023149508578311',11,1,123,NULL,'LV10',NULL),('291372411149508578311',11,12,123,NULL,'LV10',NULL),('86121037149508578411',11,7,123,NULL,'LV10',NULL),('1280020250149508578411',11,1,123,NULL,'LV10',NULL),('2133142278149508578411',11,13,123,NULL,'LV10',NULL),('2002010408149508578411',11,5,123,NULL,'LV10',NULL),('93223359149508578411',11,1,123,NULL,'LV10',NULL),('2135884769149508578411',11,12,123,NULL,'LV10',NULL),('1654158337149508578411',11,12,123,NULL,'LV10',NULL),('1196581902149508578411',11,12,123,NULL,'LV10',NULL),('1167999091149508578411',11,6,123,NULL,'LV10',NULL),('563206101149508578411',11,10,123,NULL,'LV10',NULL),('1484373411149508578411',11,7,123,NULL,'LV10',NULL),('1137550287149508578411',11,8,123,NULL,'LV10',NULL),('1522778826149508578411',11,9,123,NULL,'LV10',NULL),('248508093149508578411',11,5,123,NULL,'LV10',NULL),('247923149508578411',11,8,123,NULL,'LV10',NULL),('1034341188149508578411',11,3,123,NULL,'LV10',NULL),('1673254839149508578411',11,14,123,NULL,'LV10',NULL),('1674040849149508578411',11,14,123,NULL,'LV10',NULL),('580002766149508578411',11,13,123,NULL,'LV10',NULL),('786220670149508578411',11,4,123,NULL,'LV10',NULL),('1008883546149508578411',11,9,123,NULL,'LV10',NULL),('1815373050149508578411',11,5,123,NULL,'LV10',NULL),('919067638149508578411',11,12,123,NULL,'LV10',NULL),('416332784149508578411',11,9,123,NULL,'LV10',NULL),('221667458149508578511',11,13,123,NULL,'LV10',NULL),('539256176149508578511',11,10,123,NULL,'LV10',NULL),('146158549149508578511',11,8,123,NULL,'LV10',NULL),('713514503149508578511',11,3,123,NULL,'LV10',NULL),('1939831569149508578511',11,12,123,NULL,'LV10',NULL),('288636880149508578511',11,2,123,NULL,'LV10',NULL),('1619380805149508578511',11,10,123,NULL,'LV10',NULL),('1187040214149508578511',11,4,123,NULL,'LV10',NULL),('1466146978149508578511',11,7,123,NULL,'LV10',NULL),('1548866057149508578511',11,4,123,NULL,'LV10',NULL),('1246818385149508578511',11,4,123,NULL,'LV10',NULL),('78822607149508578511',11,6,123,NULL,'LV10',NULL),('230555351149508578511',11,7,123,NULL,'LV10',NULL),('1004038678149508578511',11,6,123,NULL,'LV10',NULL),('641859914149508578511',11,7,123,NULL,'LV10',NULL),('678040562149508578511',11,10,123,NULL,'LV10',NULL),('1526710973149508578511',11,3,123,NULL,'LV10',NULL),('1208127009149508578511',11,9,123,NULL,'LV10',NULL),('1873926180149508578511',11,9,123,NULL,'LV10',NULL),('58756052149508578511',11,4,123,NULL,'LV10',NULL),('1790508210149508578511',11,4,123,NULL,'LV10',NULL),('583939250149508578511',11,13,123,NULL,'LV10',NULL),('1107210313149508578511',11,6,123,NULL,'LV10',NULL),('1630587327149508578511',11,5,123,NULL,'LV10',NULL),('1115672896149508578611',11,12,123,NULL,'LV10',NULL),('1733499310149508578611',11,10,123,NULL,'LV10',NULL),('181868539149508578611',11,7,123,NULL,'LV10',NULL),('67679382149508578611',11,4,123,NULL,'LV10',NULL),('396290611149508578611',11,1,123,NULL,'LV10',NULL),('1420189078149508578611',11,4,123,NULL,'LV10',NULL),('135634060149508578611',11,6,123,NULL,'LV10',NULL),('1292359117149508578611',11,3,123,NULL,'LV10',NULL),('77318117149508578611',11,12,123,NULL,'LV10',NULL),('981070024149508578611',11,7,123,NULL,'LV10',NULL),('103588198149508578611',11,7,123,NULL,'LV10',NULL),('17652330149508578611',11,5,123,NULL,'LV10',NULL),('302456702149508578611',11,1,123,NULL,'LV10',NULL),('1393314464149508578611',11,1,123,NULL,'LV10',NULL),('42160948149508578611',11,1,123,NULL,'LV10',NULL),('1690564639149508578611',11,14,123,NULL,'LV10',NULL),('1708258256149508578611',11,13,123,NULL,'LV10',NULL),('1711978724149508578611',11,1,123,NULL,'LV10',NULL),('1376249094149508578611',11,5,123,NULL,'LV10',NULL),('1744766871149508578611',11,6,123,NULL,'LV10',NULL),('2101778902149508578611',11,3,123,NULL,'LV10',NULL),('1162991116149508578611',11,1,123,NULL,'LV10',NULL),('674299837149508578611',11,13,123,NULL,'LV10',NULL),('2007967870149508578611',11,2,123,NULL,'LV10',NULL),('1715473205149508578611',11,7,123,NULL,'LV10',NULL),('756298113149508578711',11,10,123,NULL,'LV10',NULL),('1671392449149508578711',11,6,123,NULL,'LV10',NULL),('121293847149508578711',11,5,123,NULL,'LV10',NULL),('1392403572149508578711',11,1,123,NULL,'LV10',NULL),('548398494149508578711',11,6,123,NULL,'LV10',NULL),('2026333442149508578711',11,4,123,NULL,'LV10',NULL),('1632427271149508578711',11,12,123,NULL,'LV10',NULL),('503160134149508578711',11,4,123,NULL,'LV10',NULL),('60480038149508578711',11,9,123,NULL,'LV10',NULL),('2129736336149508578711',11,8,123,NULL,'LV10',NULL),('1380708465149508578711',11,7,123,NULL,'LV10',NULL),('533743343149508578711',11,7,123,NULL,'LV10',NULL),('366172901149508578711',11,14,123,NULL,'LV10',NULL),('1405917427149508578711',11,6,123,NULL,'LV10',NULL),('1969945389149508578711',11,7,123,NULL,'LV10',NULL),('587093756149508578711',11,12,123,NULL,'LV10',NULL),('827989773149508578711',11,6,123,NULL,'LV10',NULL),('1240152863149508578711',11,9,123,NULL,'LV10',NULL),('2055959263149508578711',11,2,123,NULL,'LV10',NULL),('553153064149508578711',11,14,123,NULL,'LV10',NULL),('273813585149508578711',11,7,123,NULL,'LV10',NULL),('1496765273149508578711',11,10,123,NULL,'LV10',NULL),('836694766149508578711',11,7,123,NULL,'LV10',NULL),('2112546818149508578711',11,6,123,NULL,'LV10',NULL),('1316720341149508578711',11,12,123,NULL,'LV10',NULL),('138961479149508578711',11,7,123,NULL,'LV10',NULL),('955634910149508578811',11,2,123,NULL,'LV10',NULL),('1703418350149508578811',11,3,123,NULL,'LV10',NULL),('529489907149508578811',11,14,123,NULL,'LV10',NULL),('261644546149508578811',11,9,123,NULL,'LV10',NULL),('541932634149508578811',11,2,123,NULL,'LV10',NULL),('933853397149508578811',11,14,123,NULL,'LV10',NULL),('1705135617149508578811',11,2,123,NULL,'LV10',NULL),('1077467930149508578811',11,5,123,NULL,'LV10',NULL),('644995784149508578811',11,4,123,NULL,'LV10',NULL),('444981219149508578811',11,14,123,NULL,'LV10',NULL),('1851522397149508578811',11,12,123,NULL,'LV10',NULL),('45500995149508578811',11,14,123,NULL,'LV10',NULL),('1186017649149508578811',11,4,123,NULL,'LV10',NULL),('60813886149508578811',11,5,123,NULL,'LV10',NULL),('1133957634149508578811',11,6,123,NULL,'LV10',NULL),('1440192125149508578811',11,4,123,NULL,'LV10',NULL),('1387937681149508578811',11,10,123,NULL,'LV10',NULL),('1903451520149508578811',11,3,123,NULL,'LV10',NULL),('1234518543149508578811',11,5,123,NULL,'LV10',NULL),('1812844644149508578811',11,14,123,NULL,'LV10',NULL),('642337665149508578811',11,12,123,NULL,'LV10',NULL),('742072649149508578811',11,2,123,NULL,'LV10',NULL),('1410822679149508578811',11,12,123,NULL,'LV10',NULL),('1071002193149508578811',11,5,123,NULL,'LV10',NULL),('1770543614149508578811',11,6,123,NULL,'LV10',NULL),('1797756036149508578911',11,12,123,NULL,'LV10',NULL),('761989646149508578911',11,6,123,NULL,'LV10',NULL),('1364943265149508578911',11,1,123,NULL,'LV10',NULL),('1149568037149508578911',11,10,123,NULL,'LV10',NULL),('1202620961149508578911',11,9,123,NULL,'LV10',NULL),('1072507928149508578911',11,12,123,NULL,'LV10',NULL),('1072672278149508578911',11,6,123,NULL,'LV10',NULL),('541917195149508578911',11,13,123,NULL,'LV10',NULL),('595705477149508578911',11,7,123,NULL,'LV10',NULL),('135025839149508578911',11,7,123,NULL,'LV10',NULL),('1551925186149508578911',11,7,123,NULL,'LV10',NULL),('957182956149508578911',11,2,123,NULL,'LV10',NULL),('536921655149508578911',11,2,123,NULL,'LV10',NULL),('1283685751149508578911',11,1,123,NULL,'LV10',NULL),('1075480201149508578911',11,6,123,NULL,'LV10',NULL),('1899482874149508578911',11,10,123,NULL,'LV10',NULL),('1463028054149508578911',11,8,123,NULL,'LV10',NULL),('1339173997149508578911',11,7,123,NULL,'LV10',NULL),('811171899149508578911',11,13,123,NULL,'LV10',NULL),('2091039176149508578911',11,8,123,NULL,'LV10',NULL),('1141732187149508578911',11,4,123,NULL,'LV10',NULL),('1813484521149508578911',11,2,123,NULL,'LV10',NULL),('1904811481149508578911',11,4,123,NULL,'LV10',NULL),('1272859680149508578911',11,10,123,NULL,'LV10',NULL),('595319420149508578911',11,2,123,NULL,'LV10',NULL),('1178207025149508578911',11,5,123,NULL,'LV10',NULL),('73387386149508579011',11,14,123,NULL,'LV10',NULL),('1888569328149508579011',11,14,123,NULL,'LV10',NULL),('1829234332149508579011',11,13,123,NULL,'LV10',NULL),('2135540536149508579011',11,10,123,NULL,'LV10',NULL),('189444755149508579011',11,6,123,NULL,'LV10',NULL),('1856571366149508579011',11,1,123,NULL,'LV10',NULL),('561355982149508579011',11,9,123,NULL,'LV10',NULL),('1162167903149508579011',11,4,123,NULL,'LV10',NULL),('1999971678149508579011',11,1,123,NULL,'LV10',NULL),('618773633149508579011',11,8,123,NULL,'LV10',NULL),('1732341721149508579011',11,2,123,NULL,'LV10',NULL),('17802230149508579011',11,8,123,NULL,'LV10',NULL),('1720357425149508579011',11,8,123,NULL,'LV10',NULL),('972887044149508579011',11,5,123,NULL,'LV10',NULL),('1103952099149508579011',11,3,123,NULL,'LV10',NULL),('1884300989149508579011',11,9,123,NULL,'LV10',NULL),('709181376149508579011',11,6,123,NULL,'LV10',NULL),('427419706149508579011',11,1,123,NULL,'LV10',NULL),('62687021149508579011',11,12,123,NULL,'LV10',NULL),('1995833027149508579011',11,12,123,NULL,'LV10',NULL),('437934306149508579011',11,7,123,NULL,'LV10',NULL),('1743617713149508579011',11,12,123,NULL,'LV10',NULL),('1589950630149508579011',11,7,123,NULL,'LV10',NULL),('1711105457149508579011',11,2,123,NULL,'LV10',NULL),('1909810159149508579111',11,7,123,NULL,'LV10',NULL),('1364732748149508579111',11,2,123,NULL,'LV10',NULL),('1573963072149508579111',11,10,123,NULL,'LV10',NULL),('1813870879149508579111',11,13,123,NULL,'LV10',NULL),('1513379414149508579111',11,12,123,NULL,'LV10',NULL),('1175653420149508579111',11,3,123,NULL,'LV10',NULL),('1155974539149508579111',11,13,123,NULL,'LV10',NULL),('739301828149508579111',11,6,123,NULL,'LV10',NULL),('1765910753149508579111',11,6,123,NULL,'LV10',NULL),('1449439125149508579111',11,12,123,NULL,'LV10',NULL),('1605826328149508579111',11,2,123,NULL,'LV10',NULL),('793416766149508579111',11,9,123,NULL,'LV10',NULL),('1146120373149508579111',11,8,123,NULL,'LV10',NULL),('1038642597149508579111',11,9,123,NULL,'LV10',NULL),('1623181717149508579111',11,6,123,NULL,'LV10',NULL),('1057516302149508579111',11,2,123,NULL,'LV10',NULL),('652005198149508579111',11,6,123,NULL,'LV10',NULL),('923692411149508579111',11,13,123,NULL,'LV10',NULL),('1973091334149508579111',11,3,123,NULL,'LV10',NULL),('1166438500149508579111',11,4,123,NULL,'LV10',NULL),('1860503181149508579111',11,8,123,NULL,'LV10',NULL),('653650367149508579111',11,2,123,NULL,'LV10',NULL),('2035861896149508579111',11,13,123,NULL,'LV10',NULL),('507703945149508579111',11,9,123,NULL,'LV10',NULL),('1660961821149508579111',11,9,123,NULL,'LV10',NULL),('248346471149508579211',11,12,123,NULL,'LV10',NULL),('1022921017149508579211',11,14,123,NULL,'LV10',NULL),('1540315673149508579211',11,8,123,NULL,'LV10',NULL),('636019171149508579211',11,8,123,NULL,'LV10',NULL),('917460284149508579211',11,12,123,NULL,'LV10',NULL),('873063243149508579211',11,10,123,NULL,'LV10',NULL),('2031895887149508579211',11,8,123,NULL,'LV10',NULL),('849297236149508579211',11,4,123,NULL,'LV10',NULL),('637781308149508579211',11,10,123,NULL,'LV10',NULL),('1429310578149508579211',11,3,123,NULL,'LV10',NULL),('839481680149508579211',11,4,123,NULL,'LV10',NULL),('1955668763149508579211',11,9,123,NULL,'LV10',NULL),('931685008149508579211',11,10,123,NULL,'LV10',NULL),('1087693035149508579211',11,4,123,NULL,'LV10',NULL),('63884282149508579211',11,8,123,NULL,'LV10',NULL),('1799674999149508579211',11,7,123,NULL,'LV10',NULL),('884425446149508579211',11,9,123,NULL,'LV10',NULL),('110377762149508579211',11,5,123,NULL,'LV10',NULL),('388826899149508579211',11,13,123,NULL,'LV10',NULL),('2144281492149508579211',11,6,123,NULL,'LV10',NULL),('1462014764149508579211',11,9,123,NULL,'LV10',NULL),('638839553149508579211',11,9,123,NULL,'LV10',NULL),('1149742953149508579211',11,9,123,NULL,'LV10',NULL),('457100487149508579211',11,10,123,NULL,'LV10',NULL),('328786851149508579211',11,3,123,NULL,'LV10',NULL),('233154417149508579211',11,12,123,NULL,'LV10',NULL),('2096514576149508579311',11,3,123,NULL,'LV10',NULL),('1965264645149508579311',11,1,123,NULL,'LV10',NULL),('1877810900149508579311',11,5,123,NULL,'LV10',NULL),('1801480020149508579311',11,13,123,NULL,'LV10',NULL),('1979156854149508579311',11,8,123,NULL,'LV10',NULL),('73670297149508579311',11,13,123,NULL,'LV10',NULL),('1835585181149508579311',11,8,123,NULL,'LV10',NULL),('337410966149508579311',11,4,123,NULL,'LV10',NULL),('512298357149508579311',11,3,123,NULL,'LV10',NULL),('14305615149508579311',11,6,123,NULL,'LV10',NULL),('128529311149508579311',11,1,123,NULL,'LV10',NULL),('891611942149508579311',11,12,123,NULL,'LV10',NULL),('2065811040149508579311',11,9,123,NULL,'LV10',NULL),('1471839596149508579311',11,9,123,NULL,'LV10',NULL),('1114730609149508579311',11,6,123,NULL,'LV10',NULL),('321516238149508579311',11,13,123,NULL,'LV10',NULL),('1060214319149508579311',11,2,123,NULL,'LV10',NULL),('797526164149508579311',11,10,123,NULL,'LV10',NULL),('1095180128149508579311',11,2,123,NULL,'LV10',NULL),('479850101149508579311',11,5,123,NULL,'LV10',NULL),('1321918247149508579311',11,13,123,NULL,'LV10',NULL),('1384330073149508579311',11,4,123,NULL,'LV10',NULL),('1901042964149508579311',11,9,123,NULL,'LV10',NULL),('1652926743149508579311',11,8,123,NULL,'LV10',NULL),('1202028066149508579411',11,14,123,NULL,'LV10',NULL),('631458749149508579411',11,3,123,NULL,'LV10',NULL),('758218186149508579411',11,13,123,NULL,'LV10',NULL),('291801112149508579411',11,8,123,NULL,'LV10',NULL),('1356345432149508579411',11,3,123,NULL,'LV10',NULL),('1348994512149508579411',11,8,123,NULL,'LV10',NULL),('634399057149508579411',11,4,123,NULL,'LV10',NULL),('163487160149508579411',11,12,123,NULL,'LV10',NULL),('458733255149508579411',11,6,123,NULL,'LV10',NULL),('677236330149508579411',11,12,123,NULL,'LV10',NULL),('681769750149508579411',11,7,123,NULL,'LV10',NULL),('401894900149508579411',11,14,123,NULL,'LV10',NULL),('1182116896149508579411',11,8,123,NULL,'LV10',NULL),('1143305938149508579411',11,4,123,NULL,'LV10',NULL),('802083319149508579411',11,8,123,NULL,'LV10',NULL),('1648514694149508579411',11,13,123,NULL,'LV10',NULL),('544682841149508579411',11,10,123,NULL,'LV10',NULL),('575870259149508579411',11,12,123,NULL,'LV10',NULL),('518143801149508579411',11,1,123,NULL,'LV10',NULL),('468722190149508579411',11,12,123,NULL,'LV10',NULL),('1000135885149508579411',11,9,123,NULL,'LV10',NULL),('1963602343149508579411',11,2,123,NULL,'LV10',NULL),('223934357149508579411',11,7,123,NULL,'LV10',NULL),('275337457149508579411',11,9,123,NULL,'LV10',NULL),('1920106985149508579411',11,1,123,NULL,'LV10',NULL),('339270512149508579411',11,8,123,NULL,'LV10',NULL),('2017647879149508579411',11,9,123,NULL,'LV10',NULL),('319122986149508579511',11,3,123,NULL,'LV10',NULL),('1494306213149508579511',11,4,123,NULL,'LV10',NULL),('898646831149508579511',11,4,123,NULL,'LV10',NULL),('72378523149508579511',11,13,123,NULL,'LV10',NULL),('743793373149508579511',11,6,123,NULL,'LV10',NULL),('1277404435149508579511',11,6,123,NULL,'LV10',NULL),('1566160873149508579511',11,5,123,NULL,'LV10',NULL),('401217342149508579511',11,7,123,NULL,'LV10',NULL),('1859445928149508579511',11,6,123,NULL,'LV10',NULL),('398406918149508579511',11,9,123,NULL,'LV10',NULL),('522585398149508579511',11,13,123,NULL,'LV10',NULL),('1901407737149508579511',11,14,123,NULL,'LV10',NULL),('1314963826149508579511',11,10,123,NULL,'LV10',NULL),('1885005318149508579511',11,4,123,NULL,'LV10',NULL),('1609907986149508579511',11,9,123,NULL,'LV10',NULL),('441275329149508579511',11,14,123,NULL,'LV10',NULL),('671326772149508579511',11,14,123,NULL,'LV10',NULL),('1801758119149508579511',11,3,123,NULL,'LV10',NULL),('1983415316149508579511',11,3,123,NULL,'LV10',NULL),('548734802149508579511',11,14,123,NULL,'LV10',NULL),('458915270149508579511',11,12,123,NULL,'LV10',NULL),('392074245149508579511',11,4,123,NULL,'LV10',NULL),('1207504165149508579511',11,5,123,NULL,'LV10',NULL),('1055116508149508579511',11,9,123,NULL,'LV10',NULL),('1815444774149508579611',11,12,123,NULL,'LV10',NULL),('207323254149508579611',11,5,123,NULL,'LV10',NULL),('1020858381149508579611',11,14,123,NULL,'LV10',NULL),('1810309892149508579611',11,4,123,NULL,'LV10',NULL),('591659236149508579611',11,8,123,NULL,'LV10',NULL),('2086275790149508579611',11,3,123,NULL,'LV10',NULL),('612010842149508579611',11,4,123,NULL,'LV10',NULL),('1947481514149508579611',11,12,123,NULL,'LV10',NULL),('556272383149508579611',11,2,123,NULL,'LV10',NULL),('480382028149508579611',11,4,123,NULL,'LV10',NULL),('582799722149508579611',11,8,123,NULL,'LV10',NULL),('488369286149508579611',11,12,123,NULL,'LV10',NULL),('1273582697149508579611',11,3,123,NULL,'LV10',NULL),('1796344650149508579611',11,10,123,NULL,'LV10',NULL),('8232997149508579611',11,6,123,NULL,'LV10',NULL),('1242996318149508579611',11,6,123,NULL,'LV10',NULL),('1268745241149508579611',11,6,123,NULL,'LV10',NULL),('676625071149508579611',11,9,123,NULL,'LV10',NULL),('1411563694149508579611',11,12,123,NULL,'LV10',NULL),('1191281010149508579611',11,10,123,NULL,'LV10',NULL),('288999055149508579611',11,7,123,NULL,'LV10',NULL),('315062940149508579611',11,9,123,NULL,'LV10',NULL),('2132710984149508579611',11,2,123,NULL,'LV10',NULL),('1953935997149508579611',11,12,123,NULL,'LV10',NULL),('1874181356149508579611',11,2,123,NULL,'LV10',NULL),('1148787875149508579711',11,2,123,NULL,'LV10',NULL),('1433421709149508579711',11,6,123,NULL,'LV10',NULL),('567341289149508579711',11,4,123,NULL,'LV10',NULL),('109113277149508579711',11,1,123,NULL,'LV10',NULL),('1747847805149508579711',11,9,123,NULL,'LV10',NULL),('587840042149508579711',11,9,123,NULL,'LV10',NULL),('77527681149508579711',11,6,123,NULL,'LV10',NULL),('520784269149508579711',11,9,123,NULL,'LV10',NULL),('595609013149508579711',11,2,123,NULL,'LV10',NULL),('206288181149508579711',11,3,123,NULL,'LV10',NULL),('193076392149508579711',11,4,123,NULL,'LV10',NULL),('999782094149508579711',11,14,123,NULL,'LV10',NULL),('1598176695149508579711',11,12,123,NULL,'LV10',NULL),('749474907149508579711',11,8,123,NULL,'LV10',NULL),('2143719399149508579711',11,14,123,NULL,'LV10',NULL),('1752289403149508579711',11,6,123,NULL,'LV10',NULL),('1909928036149508579711',11,5,123,NULL,'LV10',NULL),('1336563988149508579711',11,5,123,NULL,'LV10',NULL),('1557150131149508579711',11,8,123,NULL,'LV10',NULL),('1595564648149508579711',11,3,123,NULL,'LV10',NULL),('1993808841149508579711',11,10,123,NULL,'LV10',NULL),('376127186149508579711',11,13,123,NULL,'LV10',NULL),('82041639149508579711',11,2,123,NULL,'LV10',NULL),('676032228149508579711',11,9,123,NULL,'LV10',NULL),('1401079154149508579711',11,12,123,NULL,'LV10',NULL),('1412786020149508579711',11,14,123,NULL,'LV10',NULL),('268864763149508579811',11,7,123,NULL,'LV10',NULL),('1910429562149508579811',11,9,123,NULL,'LV10',NULL),('1005147419149508579811',11,10,123,NULL,'LV10',NULL),('847332695149508579811',11,1,123,NULL,'LV10',NULL),('395375243149508579811',11,6,123,NULL,'LV10',NULL),('296972343149508579811',11,10,123,NULL,'LV10',NULL),('1174597072149508579811',11,3,123,NULL,'LV10',NULL),('1767563367149508579811',11,8,123,NULL,'LV10',NULL),('1689804848149508579811',11,14,123,NULL,'LV10',NULL),('758503175149508579811',11,10,123,NULL,'LV10',NULL),('680944646149508579811',11,13,123,NULL,'LV10',NULL),('1524431778149508579811',11,7,123,NULL,'LV10',NULL),('268361507149508579811',11,3,123,NULL,'LV10',NULL),('1558198790149508579811',11,6,123,NULL,'LV10',NULL),('46617096149508579811',11,1,123,NULL,'LV10',NULL),('905686821149508579811',11,5,123,NULL,'LV10',NULL),('1058419533149508579811',11,1,123,NULL,'LV10',NULL),('2072584110149508579811',11,10,123,NULL,'LV10',NULL),('497094948149508579811',11,4,123,NULL,'LV10',NULL),('1444194951149508579811',11,9,123,NULL,'LV10',NULL),('1534290875149508579811',11,3,123,NULL,'LV10',NULL),('1550102067149508579811',11,4,123,NULL,'LV10',NULL),('513170491149508579811',11,13,123,NULL,'LV10',NULL),('801598368149508579811',11,1,123,NULL,'LV10',NULL),('1637562640149508579911',11,12,123,NULL,'LV10',NULL),('729469789149508579911',11,9,123,NULL,'LV10',NULL),('1415315834149508579911',11,10,123,NULL,'LV10',NULL),('2044265294149508579911',11,7,123,NULL,'LV10',NULL),('212450828149508579911',11,14,123,NULL,'LV10',NULL),('1693586307149508579911',11,9,123,NULL,'LV10',NULL),('750250434149508579911',11,5,123,NULL,'LV10',NULL),('118886793149508579911',11,10,123,NULL,'LV10',NULL),('1195059764149508579911',11,3,123,NULL,'LV10',NULL),('1696901327149508579911',11,4,123,NULL,'LV10',NULL),('679898175149508579911',11,7,123,NULL,'LV10',NULL),('1545387615149508579911',11,7,123,NULL,'LV10',NULL),('648519986149508579911',11,7,123,NULL,'LV10',NULL),('1314485822149508579911',11,4,123,NULL,'LV10',NULL),('1332507084149508580011',11,12,123,NULL,'LV10',NULL),('656317169149508580011',11,2,123,NULL,'LV10',NULL),('1277654648149508580011',11,12,123,NULL,'LV10',NULL),('723351413149508580011',11,7,123,NULL,'LV10',NULL),('1137013302149508580011',11,10,123,NULL,'LV10',NULL),('910360702149508580011',11,10,123,NULL,'LV10',NULL),('1918411177149508580011',11,2,123,NULL,'LV10',NULL),('1840979514149508580011',11,9,123,NULL,'LV10',NULL),('187469117149508580011',11,9,123,NULL,'LV10',NULL),('1863495715149508580011',11,2,123,NULL,'LV10',NULL),('1207205872149508580011',11,3,123,NULL,'LV10',NULL),('1948167165149508580111',11,3,123,NULL,'LV10',NULL),('1792738151149508580111',11,10,123,NULL,'LV10',NULL),('1541067859149508580111',11,1,123,NULL,'LV10',NULL),('1789501502149508580111',11,14,123,NULL,'LV10',NULL),('1097025318149508580111',11,14,123,NULL,'LV10',NULL),('165725159149508580211',11,14,123,NULL,'LV10',NULL),('954044623149508580211',11,13,123,NULL,'LV10',NULL),('1803148329149508580211',11,5,123,NULL,'LV10',NULL),('417301927149508580211',11,14,123,NULL,'LV10',NULL),('269404311149508580211',11,4,123,NULL,'LV10',NULL),('1636936712149508580311',11,8,123,NULL,'LV10',NULL),('2093945536149508580311',11,13,123,NULL,'LV10',NULL),('1998856984149508581811',11,8,123,NULL,'LV10',NULL),('1340335691149508581811',11,10,123,NULL,'LV10',NULL),('1108090408149508600211',11,1,231,NULL,'LV10',NULL),('361481385149508722913',13,10,281,NULL,'LV1',NULL),('370693210149508907111',11,5,459,NULL,'LV7',NULL),('543375307149508965811',11,12,781,NULL,'LV3',NULL),('617674751149509031311',11,12,337,NULL,'LV1',NULL),('1958540149149509302515',15,7,663,NULL,'LV5',NULL),('246956757149509353815',15,14,151,NULL,'LV2',NULL),('1292404523149509375915',15,11,552,NULL,'LV13',NULL),('1919441919149509396315',15,4,72,NULL,'LV13',NULL),('1131903277149509918213',13,9,376,NULL,'LV1',NULL),('112474267149509990615',15,14,645,NULL,'LV4',NULL),('1041412946149510105111',11,3,86,NULL,'LV17',NULL),('2068985328149510875011',11,14,156,NULL,'LV1',NULL);
/*!40000 ALTER TABLE `challenge` ENABLE KEYS */;
UNLOCK TABLES;

--
-- Table structure for table `feedback`
--

DROP TABLE IF EXISTS `feedback`;
/*!40101 SET @saved_cs_client     = @@character_set_client */;
/*!40101 SET character_set_client = utf8 */;
CREATE TABLE `feedback` (
  `idfeedback` varchar(225) NOT NULL,
  `fbTitle` varchar(45) NOT NULL,
  `fbContent` varchar(225) NOT NULL,
  `fbDate` varchar(225) DEFAULT NULL,
  `user_iduser` int(10) unsigned NOT NULL,
  PRIMARY KEY (`idfeedback`,`user_iduser`),
  KEY `fk_feedback_user1_idx` (`user_iduser`),
  CONSTRAINT `fk_feedback_user1` FOREIGN KEY (`user_iduser`) REFERENCES `user` (`iduser`) ON DELETE NO ACTION ON UPDATE NO ACTION
) ENGINE=InnoDB DEFAULT CHARSET=utf8;
/*!40101 SET character_set_client = @saved_cs_client */;

--
-- Dumping data for table `feedback`
--

LOCK TABLES `feedback` WRITE;
/*!40000 ALTER TABLE `feedback` DISABLE KEYS */;
/*!40000 ALTER TABLE `feedback` ENABLE KEYS */;
UNLOCK TABLES;

--
-- Table structure for table `friend`
--

DROP TABLE IF EXISTS `friend`;
/*!40101 SET @saved_cs_client     = @@character_set_client */;
/*!40101 SET character_set_client = utf8 */;
CREATE TABLE `friend` (
  `id` varchar(10) NOT NULL,
  `userName1` varchar(255) NOT NULL,
  `userName2` varchar(255) NOT NULL,
  `status` tinyint(1) NOT NULL,
  PRIMARY KEY (`id`)
) ENGINE=InnoDB DEFAULT CHARSET=utf8;
/*!40101 SET character_set_client = @saved_cs_client */;

--
-- Dumping data for table `friend`
--

LOCK TABLES `friend` WRITE;
/*!40000 ALTER TABLE `friend` DISABLE KEYS */;
INSERT INTO `friend` VALUES ('17','hungquoc','huaquyen',0),('fr212','quyen','huaquyen',1),('fr23','quyen','duthien',1),('fr412','quyen hua','huaquyen',0),('fr67','quoccuong','quyenhua222',0);
/*!40000 ALTER TABLE `friend` ENABLE KEYS */;
UNLOCK TABLES;

--
-- Table structure for table `historytransaction`
--

DROP TABLE IF EXISTS `historytransaction`;
/*!40101 SET @saved_cs_client     = @@character_set_client */;
/*!40101 SET character_set_client = utf8 */;
CREATE TABLE `historytransaction` (
  `htId` varchar(225) NOT NULL,
  `hisName` varchar(225) NOT NULL,
  `hisValue` int(11) NOT NULL,
  `hisDate` datetime NOT NULL,
  `user_iduser` int(10) unsigned NOT NULL,
  PRIMARY KEY (`htId`,`user_iduser`),
  KEY `fk_historytransaction_user1_idx` (`user_iduser`),
  CONSTRAINT `fk_historytransaction_user1` FOREIGN KEY (`user_iduser`) REFERENCES `user` (`iduser`) ON DELETE NO ACTION ON UPDATE NO ACTION
) ENGINE=InnoDB DEFAULT CHARSET=utf8;
/*!40101 SET character_set_client = @saved_cs_client */;

--
-- Dumping data for table `historytransaction`
--

LOCK TABLES `historytransaction` WRITE;
/*!40000 ALTER TABLE `historytransaction` DISABLE KEYS */;
INSERT INTO `historytransaction` VALUES ('NL_1495036004','Nạp thẻ',40000,'2017-05-17 00:00:00',12);
/*!40000 ALTER TABLE `historytransaction` ENABLE KEYS */;
UNLOCK TABLES;

--
-- Table structure for table `music`
--

DROP TABLE IF EXISTS `music`;
/*!40101 SET @saved_cs_client     = @@character_set_client */;
/*!40101 SET character_set_client = utf8 */;
CREATE TABLE `music` (
  `musicId` varchar(10) NOT NULL,
  `musicName` varchar(225) NOT NULL,
  `author` varchar(255) NOT NULL,
  `musicLink` varchar(1024) NOT NULL,
  `nodesLink` varchar(1024) NOT NULL,
  `hardLevel` int(11) NOT NULL,
  `count` int(11) NOT NULL,
  PRIMARY KEY (`musicId`)
) ENGINE=InnoDB DEFAULT CHARSET=utf8;
/*!40101 SET character_set_client = @saved_cs_client */;

--
-- Dumping data for table `music`
--

LOCK TABLES `music` WRITE;
/*!40000 ALTER TABLE `music` DISABLE KEYS */;
INSERT INTO `music` VALUES ('LV1','Dream','Rabpit','https://raw.githubusercontent.com/duthienkt/MoonLightData/master/assets/Dream__Rabpit.mp3','https://raw.githubusercontent.com/duthienkt/MoonLightData/master/assets/Dream__Rabpit.json',1,1522),('LV10','Farewell Waltz','Stone','https://raw.githubusercontent.com/duthienkt/MoonLightData/master/assets/Farewell_Waltz__Stone.mp3','https://raw.githubusercontent.com/duthienkt/MoonLightData/master/assets/Farewell_Waltz__Stone.json',3,642),('LV11','Leviathan','NeLiME','https://raw.githubusercontent.com/duthienkt/MoonLightData/master/assets/Leviathan__NeLiME.mp3','https://raw.githubusercontent.com/duthienkt/MoonLightData/master/assets/Leviathan__NeLiME.json',3,0),('LV12','Light pollution','YE','https://raw.githubusercontent.com/duthienkt/MoonLightData/master/assets/Light_pollution__YE.mp3','https://raw.githubusercontent.com/duthienkt/MoonLightData/master/assets/Light_pollution__YE.json',3,0),('LV13','Nine Point Eight','Mili','https://raw.githubusercontent.com/duthienkt/MoonLightData/master/assets/Nine_Point_Eight__Mili.mp3','https://raw.githubusercontent.com/duthienkt/MoonLightData/master/assets/Nine_Point_Eight__Mili.json',3,0),('LV14','Reflection','V.K','https://raw.githubusercontent.com/duthienkt/MoonLightData/master/assets/Reflection__V.K.mp3','https://raw.githubusercontent.com/duthienkt/MoonLightData/master/assets/Reflection__V.K.json',3,0),('LV15','Reverse-Parallel Universe','V.K','https://raw.githubusercontent.com/duthienkt/MoonLightData/master/assets/Reverse-Parallel_Universe__V.K.mp3','https://raw.githubusercontent.com/duthienkt/MoonLightData/master/assets/Reverse-Parallel_Universe__V.K.json',3,0),('LV16','Revival','TQ','https://raw.githubusercontent.com/duthienkt/MoonLightData/master/assets/Revival__TQ.mp3','https://raw.githubusercontent.com/duthienkt/MoonLightData/master/assets/Revival__TQ.json',3,0),('LV17','Saika','Rabpit','https://raw.githubusercontent.com/duthienkt/MoonLightData/master/assets/Saika__Rabpit.mp3','https://raw.githubusercontent.com/duthienkt/MoonLightData/master/assets/Saika__Rabpit.json',3,0),('LV18','Utopiosphere','Mili','https://raw.githubusercontent.com/duthienkt/MoonLightData/master/assets/Utopiosphere__Mili.mp3','https://raw.githubusercontent.com/duthienkt/MoonLightData/master/assets/Utopiosphere__Mili.json',3,0),('LV19','Angelic Sphere','3R2','https://raw.githubusercontent.com/duthienkt/MoonLightData/master/assets/Angelic_Sphere__3R2.mp3','https://raw.githubusercontent.com/duthienkt/MoonLightData/master/assets/Angelic_Sphere__3R2.json',4,0),('LV2','Platinum','Sta','https://raw.githubusercontent.com/duthienkt/MoonLightData/master/assets/Platinum__Sta.mp3','https://raw.githubusercontent.com/duthienkt/MoonLightData/master/assets/Platinum__Sta.json',1,213),('LV20','Wings of piano','V.K','https://raw.githubusercontent.com/duthienkt/MoonLightData/master/assets/Wings_of_piano__V.K.mp3','https://raw.githubusercontent.com/duthienkt/MoonLightData/master/assets/Wings_of_piano__V.K.json',4,0),('LV21','Sairai','Shinichi Kobayashi','https://raw.githubusercontent.com/duthienkt/MoonLightData/master/assets/Sairai__Shinichi_Kobayashi.mp3','https://raw.githubusercontent.com/duthienkt/MoonLightData/master/assets/Sairai__Shinichi_Kobayashi.json',5,0),('LV3','Evolution Era','V.K','https://raw.githubusercontent.com/duthienkt/MoonLightData/master/assets/Evolution_Era__V.K.mp3','https://raw.githubusercontent.com/duthienkt/MoonLightData/master/assets/Evolution_Era__V.K.json',2,152),('LV4','Guardian','The SxPlay','https://raw.githubusercontent.com/duthienkt/MoonLightData/master/assets/Guardian__The_SxPlay.mp3','https://raw.githubusercontent.com/duthienkt/MoonLightData/master/assets/Guardian__The_SxPlay.json',2,0),('LV5','Jumpy Star','YJJ','https://raw.githubusercontent.com/duthienkt/MoonLightData/master/assets/Jumpy_Star__YJJ.mp3','https://raw.githubusercontent.com/duthienkt/MoonLightData/master/assets/Jumpy_Star__YJJ.json',2,242),('LV6','Magnolia','M2U','https://raw.githubusercontent.com/duthienkt/MoonLightData/master/assets/Magnolia__M2U.mp3','https://raw.githubusercontent.com/duthienkt/MoonLightData/master/assets/Magnolia__M2U.json',2,612),('LV7','Pulses','Sta','https://raw.githubusercontent.com/duthienkt/MoonLightData/master/assets/Pulses__Sta.mp3','https://raw.githubusercontent.com/duthienkt/MoonLightData/master/assets/Pulses__Sta.json',2,322),('LV8','Undo','YM','https://raw.githubusercontent.com/duthienkt/MoonLightData/master/assets/Undo__YM.mp3','https://raw.githubusercontent.com/duthienkt/MoonLightData/master/assets/Undo__YM.json',2,0),('LV9','YUBIKIRI-GENMAN','Mili','https://raw.githubusercontent.com/duthienkt/MoonLightData/master/assets/YUBIKIRI-GENMAN__Mili.mp3','https://raw.githubusercontent.com/duthienkt/MoonLightData/master/assets/YUBIKIRI-GENMAN__Mili.json',2,1122);
/*!40000 ALTER TABLE `music` ENABLE KEYS */;
UNLOCK TABLES;

--
-- Temporary table structure for view `rankboard`
--

DROP TABLE IF EXISTS `rankboard`;
/*!50001 DROP VIEW IF EXISTS `rankboard`*/;
SET @saved_cs_client     = @@character_set_client;
SET character_set_client = utf8;
/*!50001 CREATE VIEW `rankboard` AS SELECT 
 1 AS `iduser`,
 1 AS `fullName`,
 1 AS `score`*/;
SET character_set_client = @saved_cs_client;

--
-- Temporary table structure for view `totalscore`
--

DROP TABLE IF EXISTS `totalscore`;
/*!50001 DROP VIEW IF EXISTS `totalscore`*/;
SET @saved_cs_client     = @@character_set_client;
SET character_set_client = utf8;
/*!50001 CREATE VIEW `totalscore` AS SELECT 
 1 AS `user_iduser`,
 1 AS `score`*/;
SET character_set_client = @saved_cs_client;

--
-- Table structure for table `user`
--

DROP TABLE IF EXISTS `user`;
/*!40101 SET @saved_cs_client     = @@character_set_client */;
/*!40101 SET character_set_client = utf8 */;
CREATE TABLE `user` (
  `iduser` int(10) unsigned NOT NULL AUTO_INCREMENT,
  `userName` varchar(100) NOT NULL,
  `fullName` varchar(100) NOT NULL,
  `email` varchar(100) NOT NULL,
  `phone` varchar(20) NOT NULL,
  `password` varchar(100) NOT NULL,
  `sex` varchar(10) NOT NULL,
  `birthday` varchar(20) DEFAULT NULL,
  `createDay` varchar(20) DEFAULT NULL,
  `updateDay` varchar(20) DEFAULT NULL,
  `coin` int(11) DEFAULT NULL,
  PRIMARY KEY (`iduser`)
) ENGINE=InnoDB AUTO_INCREMENT=16 DEFAULT CHARSET=utf8;
/*!40101 SET character_set_client = @saved_cs_client */;

--
-- Dumping data for table `user`
--

LOCK TABLES `user` WRITE;
/*!40000 ALTER TABLE `user` DISABLE KEYS */;
INSERT INTO `user` VALUES (1,'tt.thien','minhthien','abc@gmail.com','','123456','male','2017-04-25 00:00:00','2017-05-16 00:00:00','2017-05-03 00:00:00',857),(2,'quyen','quyenhua','abc@gmail.com','','123456','female','2017-05-18 00:00:00','2017-05-24 00:00:00','2017-05-23 00:00:00',110),(3,'duthien','Du Thien','blueskythien2010@gmail.com','','123456blue','male','1995-04-25 00:00:00','2017-05-16 00:00:00','2017-05-03 00:00:00',9857),(4,'quyen hua','quyenhua123','quyen@gmail.com','0986980391','123456','female','2017-04-25 00:00:00','2017-05-16 00:00:00',NULL,857),(5,'hungquoc','Pham Hung Quoc','hungquoc@gmail.com','89878576473','123456red','male','2017-05-18 00:00:00','2017-05-24 00:00:00','2017-05-23 00:00:00',1100),(6,'quoccuong','Pham Quoc Cuong','quoccuong@gmail.com','098748576473','123456cyan','male','1995-04-25 00:00:00','2017-05-16 00:00:00','2017-05-03 00:00:00',197),(7,'quyenhua222','Quyen Hua','quyenhua@gmail.com','986980391','quyenhua@123','female','1995-03-04 00:00:00','2017-05-16 00:00:00',NULL,100),(8,'quyen hua','quyenhua123','quyen123@gmail.com','0986980391','123456','female','2017-04-25 00:00:00','2017-05-16 00:00:00',NULL,857),(9,'quyen hua','quyenhua123','quyen123@gmail.com','0986980391','123456','female','2017-04-25 00:00:00','2017-05-16 00:00:00',NULL,857),(10,'qu','Quyen Hua','qu@gmail.com','0986980391','22570ff13f38076e68201b6affeab385','','1970-01-01 12:00:00','2017-05-16 10:51:08',NULL,100),(11,'duthienkt','Pham Quoc Du Thien','blueskythien2010@fakemail.com','01663844698','62f353f204549d58a1aa63c285f2dec4','male','1995-06-10 12:00:00','2017-05-17 09:53:35','2017-05-18 04:42:29',2494),(12,'huaquyen','Hứa Thị Tố Quyên','huathitoquyen0403@gmail.com','0987980391','22570ff13f38076e68201b6affeab385','female','1995-03-04 12:00:00','2017-05-17 01:51:20',NULL,100),(13,'nhatquang143@gmail.com','quang le','nhatquang143@gmail.com','01234567890','2e44cdc00bd113a76e6742999c6ddd1c','male','2001-10-16 12:00:00','2017-05-17 03:35:16','2017-05-18 04:34:26',78),(14,'1924692164466934','Thiên Phạm Quốc Du','bupbechuayeu1995@yahoo.com.vn','NoPhone','NoPassword','male','2017-05-17 19:33:30','2017-05-17 19:33:30','2017-05-17 19:33:30',200),(15,'1219217884864079','Phạm Quốc Du Thiên','','NoPhone','NoPassword','male','2017-05-18 07:08:53','2017-05-18 07:08:53','2017-05-18 07:08:53',90);
/*!40000 ALTER TABLE `user` ENABLE KEYS */;
UNLOCK TABLES;

--
-- Final view structure for view `rankboard`
--

/*!50001 DROP VIEW IF EXISTS `rankboard`*/;
/*!50001 SET @saved_cs_client          = @@character_set_client */;
/*!50001 SET @saved_cs_results         = @@character_set_results */;
/*!50001 SET @saved_col_connection     = @@collation_connection */;
/*!50001 SET character_set_client      = utf8 */;
/*!50001 SET character_set_results     = utf8 */;
/*!50001 SET collation_connection      = utf8_general_ci */;
/*!50001 CREATE ALGORITHM=UNDEFINED */
/*!50013 DEFINER=`root`@`localhost` SQL SECURITY DEFINER */
/*!50001 VIEW `rankboard` AS select `user`.`iduser` AS `iduser`,`user`.`fullName` AS `fullName`,`totalscore`.`score` AS `score` from (`totalscore` join `user` on((`user`.`iduser` = `totalscore`.`user_iduser`))) order by -(`totalscore`.`score`) */;
/*!50001 SET character_set_client      = @saved_cs_client */;
/*!50001 SET character_set_results     = @saved_cs_results */;
/*!50001 SET collation_connection      = @saved_col_connection */;

--
-- Final view structure for view `totalscore`
--

/*!50001 DROP VIEW IF EXISTS `totalscore`*/;
/*!50001 SET @saved_cs_client          = @@character_set_client */;
/*!50001 SET @saved_cs_results         = @@character_set_results */;
/*!50001 SET @saved_col_connection     = @@collation_connection */;
/*!50001 SET character_set_client      = utf8 */;
/*!50001 SET character_set_results     = utf8 */;
/*!50001 SET collation_connection      = utf8_general_ci */;
/*!50001 CREATE ALGORITHM=UNDEFINED */
/*!50013 DEFINER=`root`@`localhost` SQL SECURITY DEFINER */
/*!50001 VIEW `totalscore` AS select `beat`.`user_iduser` AS `user_iduser`,sum(`beat`.`score`) AS `score` from `beat` group by `beat`.`user_iduser` */;
/*!50001 SET character_set_client      = @saved_cs_client */;
/*!50001 SET character_set_results     = @saved_cs_results */;
/*!50001 SET collation_connection      = @saved_col_connection */;
/*!40103 SET TIME_ZONE=@OLD_TIME_ZONE */;

/*!40101 SET SQL_MODE=@OLD_SQL_MODE */;
/*!40014 SET FOREIGN_KEY_CHECKS=@OLD_FOREIGN_KEY_CHECKS */;
/*!40014 SET UNIQUE_CHECKS=@OLD_UNIQUE_CHECKS */;
/*!40101 SET CHARACTER_SET_CLIENT=@OLD_CHARACTER_SET_CLIENT */;
/*!40101 SET CHARACTER_SET_RESULTS=@OLD_CHARACTER_SET_RESULTS */;
/*!40101 SET COLLATION_CONNECTION=@OLD_COLLATION_CONNECTION */;
/*!40111 SET SQL_NOTES=@OLD_SQL_NOTES */;

-- Dump completed on 2017-05-19 10:43:03
